1500,from,to,weight
0,184,1220,3.88
1,573,1357,1.72
2,1413,794,12.04
3,1005,517,1.68
4,413,990,4.71
5,762,458,7.6
6,1192,1433,4.51
7,433,348,23.11
8,748,139,9.06
9,1193,49,12.24
10,808,481,2.58
11,450,103,1.58
12,983,751,1.28
13,197,463,-7.0
14,880,977,2.63
15,649,1415,21.8
16,473,1340,3.28
17,1080,512,2.39
18,429,725,2.91
19,978,1187,2.4
20,1027,387,4.68
21,413,726,2.18
22,840,1423,1.56
23,549,260,4.78
24,1274,1483,-2.58
25,1084,74,5.99
26,830,733,0.12
27,1051,1073,-7.29
28,556,951,0.08
29,427,539,7.5
30,990,1490,2.88
31,1090,254,11.93
32,226,418,16.68
33,1441,835,-4.81
34,944,895,2.07
35,1020,802,4.48
36,439,885,0.56
37,387,548,8.24
38,1470,804,6.36
39,1195,1439,15.35
40,1255,430,10.8
41,1330,915,-12.77
42,128,393,7.45
43,203,1102,3.39
44,583,961,14.54
45,1082,943,19.02
46,1477,1164,8.46
47,227,1081,2.94
48,281,474,12.81
49,1132,966,0.44
50,786,1274,-6.39
51,974,1372,7.57
52,1178,1077,8.08
53,886,1065,-3.44
54,1260,1386,3.87
55,618,1058,5.56
56,849,304,3.77
57,392,1286,2.6
58,325,573,12.79
59,916,235,1.96
60,299,77,-11.96
61,988,478,5.64
62,5,1402,7.6
63,9,1304,1.35
64,1310,951,-3.86
65,132,457,6.52
66,746,591,9.06
67,163,1007,10.53
68,145,1199,0.38
69,273,1028,3.7
70,763,1413,0.16
71,1142,969,9.64
72,1129,155,-7.76
73,804,35,3.05
74,1245,1248,-30.15
75,239,118,12.24
76,1356,1385,1.78
77,664,229,5.08
78,956,589,11.69
79,611,759,1.91
80,1114,900,7.51
81,921,782,17.91
82,328,1098,13.62
83,78,457,8.39
84,878,135,3.39
85,1494,1442,15.66
86,895,1176,4.72
87,210,517,12.87
88,614,268,17.65
89,1001,389,14.25
90,993,331,21.66
91,107,482,16.46
92,1121,1016,10.59
93,1047,1362,-8.46
94,757,420,-5.02
95,1308,1131,5.16
96,948,958,3.52
97,937,38,2.88
98,928,253,7.11
99,1361,521,9.22
100,396,741,5.44
101,1237,223,10.59
102,1405,1323,4.45
103,1488,1125,6.04
104,1496,1334,24.02
105,47,95,-7.23
106,924,499,0.07
107,623,907,5.01
108,1263,594,9.9
109,889,924,1.31
110,187,1251,13.39
111,881,1288,-13.72
112,1328,92,0.18
113,399,581,0.31
114,807,702,7.51
115,606,516,9.45
116,901,342,15.32
117,796,803,5.24
118,753,1461,1.3
119,63,10,1.45
120,786,1018,-4.86
121,1076,299,10.17
122,842,1061,-0.06
123,1407,1277,-11.49
124,423,1149,3.23
125,1200,540,16.86
126,262,914,1.1
127,1452,272,-10.86
128,826,906,9.36
129,1344,876,1.84
130,1408,904,-17.6
131,750,580,6.87
132,1216,210,8.2
133,150,725,-24.53
134,15,806,-11.54
135,302,1061,3.78
136,1014,1026,-1.53
137,472,670,9.97
138,664,850,4.27
139,620,43,3.7
140,1181,1099,7.04
141,169,1358,7.88
142,881,1379,0.06
143,1207,376,17.79
144,433,435,-5.86
145,1461,379,17.43
146,1448,1082,8.64
147,79,1378,0.3
148,931,1264,2.78
149,804,1423,-0.55
150,140,50,5.78
151,375,756,-17.52
152,112,363,11.33
153,1081,1071,-5.47
154,175,94,0.05
155,1436,1087,13.83
156,99,1288,15.66
157,363,960,4.83
158,792,390,2.63
159,297,522,6.34
160,488,129,15.58
161,541,1315,15.98
162,1279,889,11.82
163,827,549,-18.32
164,545,1219,-5.96
165,959,629,6.28
166,971,475,6.66
167,738,1439,-9.57
168,646,749,-2.63
169,769,1271,18.79
170,1489,1054,16.51
171,379,1386,9.35
172,1454,467,9.52
173,726,657,3.23
174,978,581,4.63
175,1182,451,15.91
176,106,48,8.58
177,506,79,1.21
178,624,179,4.46
179,1148,588,3.4
180,1202,432,7.41
181,246,167,13.62
182,1187,958,8.21
183,1146,1287,-7.87
184,1354,580,8.0
185,69,324,3.14
186,1170,591,1.88
187,130,1181,14.57
188,14,104,8.24
189,1041,979,8.99
190,947,1026,0.35
191,555,387,0.97
192,1326,1018,16.32
193,555,1464,7.23
194,110,178,8.54
195,178,245,0.04
196,1205,484,10.18
197,1367,709,10.83
198,11,904,12.09
199,1493,1492,1.03
200,680,218,3.01
201,516,1196,15.37
202,654,1345,4.36
203,890,976,-2.48
204,1352,1206,14.57
205,1398,1116,0.01
206,1462,1067,2.68
207,770,100,14.06
208,707,292,2.77
209,1085,49,16.22
210,949,796,1.17
211,1289,11,5.69
212,1288,177,9.95
213,230,1318,-5.58
214,57,709,4.95
215,1191,1159,-10.33
216,1408,1319,1.39
217,207,1214,10.77
218,1199,176,10.06
219,1337,1396,0.45
220,1172,599,-1.85
221,694,711,8.58
222,572,970,8.28
223,400,1282,11.55
224,86,1031,12.44
225,41,509,8.51
226,1383,712,8.31
227,1069,248,0.08
228,649,1439,13.2
229,45,314,6.88
230,274,1436,3.49
231,426,1411,4.9
232,83,772,9.54
233,530,956,1.45
234,1004,60,8.27
235,317,1408,0.9
236,117,342,12.78
237,1475,532,6.75
238,338,697,1.17
239,1473,1412,16.81
240,923,667,0.45
241,1273,41,9.24
242,772,91,11.71
243,1427,804,-7.61
244,1168,616,-6.7
245,1482,260,11.6
246,850,1177,20.93
247,697,463,2.99
248,124,613,1.68
249,443,772,3.67
250,1497,1217,-1.38
251,1227,508,17.12
252,181,1423,-21.87
253,307,678,-7.47
254,11,965,4.35
255,43,1471,26.68
256,743,376,-8.08
257,678,290,11.55
258,1051,427,25.7
259,584,358,-6.75
260,538,773,18.09
261,103,636,17.42
262,471,1006,3.18
263,615,49,4.13
264,1238,327,3.53
265,1037,51,-1.83
266,588,1302,11.43
267,269,1057,4.75
268,126,1,2.46
269,1296,448,14.74
270,863,444,19.5
271,813,575,4.52
272,1426,319,9.5
273,23,345,4.3
274,719,1043,20.73
275,401,694,14.64
276,1228,175,11.77
277,1452,164,14.8
278,561,444,14.23
279,524,385,10.64
280,1027,1469,11.3
281,267,526,1.36
282,1428,751,-3.14
283,326,1143,10.57
284,464,1287,10.63
285,694,665,7.25
286,71,917,5.89
287,924,1263,-5.76
288,230,229,14.44
289,1277,386,0.54
290,1336,698,21.04
291,639,145,2.09
292,449,428,0.42
293,587,283,10.9
294,515,893,9.25
295,54,277,-7.56
296,539,843,-1.92
297,310,719,-2.69
298,322,1193,23.07
299,642,1150,2.27
300,1280,177,10.21
301,1257,1375,25.99
302,909,1122,11.5
303,39,36,36.36
304,447,662,3.59
305,142,1026,5.93
306,197,1414,10.71
307,117,678,22.49
308,303,901,8.55
309,565,586,16.77
310,7,370,-3.96
311,782,1198,1.94
312,902,281,3.56
313,455,157,3.13
314,662,785,-8.35
315,766,798,8.63
316,1497,1214,-1.44
317,1337,1357,14.04
318,224,600,11.14
319,1250,17,12.69
320,810,803,-6.15
321,409,1270,7.13
322,704,507,1.2
323,1379,1036,15.68
324,1245,583,3.17
325,504,586,0.71
326,133,82,4.75
327,430,6,10.03
328,515,1212,10.51
329,358,1017,-14.8
330,1249,10,7.58
331,1490,1290,8.83
332,436,676,13.39
333,1255,697,17.47
334,1358,556,8.05
335,1492,1144,7.04
336,1166,1273,9.57
337,260,963,19.72
338,985,164,7.96
339,606,1412,1.13
340,352,1437,1.57
341,1367,87,-6.4
342,395,85,3.04
343,1222,1447,3.04
344,806,1107,12.53
345,919,463,1.58
346,685,410,4.61
347,1401,568,9.99
348,343,199,3.52
349,269,663,6.65
350,822,373,6.5
351,33,699,0.42
352,1234,1003,4.23
353,771,702,6.13
354,832,977,7.32
355,124,1341,6.64
356,1009,812,0.51
357,965,640,0.84
358,994,737,0.38
359,1034,927,20.88
360,303,305,7.54
361,228,100,-1.08
362,1265,970,5.24
363,1356,1052,9.4
364,856,1463,0.47
365,267,1389,23.84
366,848,749,2.66
367,255,948,0.2
368,795,234,12.93
369,50,728,4.89
370,945,244,5.41
371,10,161,-1.39
372,1241,342,3.11
373,1036,1054,15.48
374,1394,709,6.14
375,42,924,8.68
376,382,1104,-1.46
377,517,487,21.83
378,1476,1157,1.66
379,976,558,7.33
380,178,685,18.38
381,1329,243,9.69
382,138,316,17.09
383,193,820,14.17
384,171,59,0.05
385,980,525,9.94
386,860,959,6.98
387,264,974,13.22
388,19,310,6.52
389,573,786,9.06
390,951,177,0.28
391,68,571,0.32
392,1060,1349,0.59
393,836,1102,8.01
394,247,1362,8.23
395,1281,1023,5.71
396,383,905,12.49
397,1067,10,5.86
398,109,1427,1.52
399,688,919,5.17
400,653,1486,20.93
401,628,415,1.6
402,1154,1367,10.96
403,1265,942,29.04
404,589,615,0.47
405,397,907,0.29
406,986,391,10.53
407,1301,947,-7.36
408,263,641,19.18
409,1284,324,6.1
410,444,914,-3.3
411,20,1017,11.23
412,512,383,-8.72
413,21,1055,0.53
414,1482,1042,6.21
415,746,860,3.55
416,448,1336,9.52
417,14,468,0.85
418,687,1010,7.18
419,278,91,-7.19
420,465,82,8.02
421,97,520,-15.63
422,1273,135,2.75
423,441,1081,1.68
424,514,1253,5.15
425,1485,574,2.08
426,1341,835,-5.82
427,586,472,1.13
428,1023,944,7.08
429,335,941,-10.08
430,686,863,-7.81
431,327,1096,-1.56
432,607,413,-2.38
433,752,780,3.84
434,459,1412,9.86
435,607,711,18.18
436,628,660,12.06
437,71,1046,-11.78
438,1032,18,19.36
439,377,30,-11.75
440,116,1084,5.29
441,192,1432,10.95
442,701,1274,10.3
443,1041,300,7.69
444,558,502,1.91
445,946,1456,4.78
446,1209,393,6.42
447,911,1474,0.32
448,1066,1237,-1.08
449,429,1283,6.13
450,1386,651,5.52
451,1455,699,3.24
452,62,985,6.32
453,1282,211,6.87
454,1042,387,6.93
455,161,164,21.23
456,784,1454,1.13
457,96,964,0.43
458,637,1176,-3.29
459,1220,137,-12.18
460,477,353,0.97
461,999,1140,12.38
462,859,671,9.91
463,152,188,20.7
464,279,92,5.73
465,131,250,6.15
466,554,656,1.02
467,1187,972,18.71
468,480,408,5.2
469,619,690,5.69
470,213,944,3.94
471,1481,932,3.03
472,950,1357,-4.68
473,1120,1350,0.49
474,87,635,7.75
475,1318,224,16.84
476,936,935,4.18
477,170,79,0.45
478,77,564,12.6
479,617,212,-5.26
480,1437,467,6.37
481,146,227,1.77
482,1449,996,20.97
483,1123,564,3.38
484,1334,669,12.12
485,754,951,0.86
486,1295,1016,3.28
487,1215,384,2.24
488,1015,91,3.92
489,250,1402,-14.2
490,926,339,1.33
491,1135,89,-12.43
492,1035,920,7.57
493,942,132,6.34
494,696,1034,4.32
495,745,476,10.47
496,933,1033,16.84
497,169,671,10.8
498,539,877,12.71
499,1294,1098,4.4
500,1103,1271,11.05
501,25,803,9.4
502,28,1320,3.81
503,61,1329,-4.52
504,1183,1385,26.91
505,1098,238,24.94
506,292,615,19.34
507,1351,1102,12.93
508,833,945,12.39
509,1360,252,-14.98
510,801,1323,0.63
511,88,476,0.65
512,982,1086,15.59
513,1415,546,2.01
514,836,87,-9.34
515,964,1390,3.72
516,442,356,5.65
517,1038,1247,7.2
518,463,1090,4.33
519,125,42,6.04
520,749,1124,10.55
521,688,655,17.99
522,1006,1436,3.42
523,89,1116,-9.24
524,364,550,-8.86
525,1358,1212,5.99
526,761,516,10.64
527,1342,1445,4.88
528,1333,1336,9.15
529,1406,342,-12.86
530,948,205,9.64
531,854,1198,5.73
532,59,528,-6.06
533,744,718,4.55
534,189,540,8.97
535,1152,1425,7.82
536,968,930,3.82
537,1424,588,1.35
538,288,13,4.25
539,942,176,2.16
540,1478,1249,14.51
541,905,1128,3.74
542,234,19,3.93
543,487,909,8.34
544,365,726,1.49
545,1158,150,-9.69
546,596,1054,10.15
547,4,601,6.41
548,745,607,4.76
549,129,909,3.72
550,59,747,14.05
551,140,1407,0.37
552,913,605,2.19
553,565,1045,0.16
554,1341,1067,3.54
555,1077,134,14.81
556,448,1372,-3.1
557,1453,1221,10.1
558,1081,513,7.83
559,402,1138,12.18
560,1170,1249,1.02
561,1184,126,3.99
562,1248,70,4.38
563,324,233,11.2
564,1127,1384,8.1
565,567,386,4.98
566,700,529,4.87
567,989,465,5.23
568,130,512,11.9
569,877,268,16.34
570,1330,214,5.67
571,829,1328,0.19
572,1107,828,2.07
573,374,1310,9.43
574,364,617,-7.27
575,228,956,7.08
576,806,817,4.73
577,630,1079,0.22
578,1175,879,11.9
579,887,223,5.35
580,482,784,-1.68
581,1210,566,-10.53
582,1272,351,-7.83
583,1416,877,-1.2
584,684,147,7.38
585,838,1279,10.19
586,139,606,3.3
587,392,1092,14.84
588,1191,430,12.74
589,699,1055,0.31
590,662,1426,2.22
591,830,153,-11.81
592,681,1238,0.53
593,452,978,5.46
594,747,268,17.31
595,1324,613,4.93
596,1087,1302,17.07
597,1301,982,3.34
598,610,629,2.83
599,57,373,-13.25
600,456,358,1.61
601,64,401,8.17
602,865,474,5.47
603,67,1257,4.06
604,1133,358,8.28
605,669,1094,11.45
606,204,715,7.44
607,1279,190,14.63
608,944,940,1.89
609,483,911,19.13
610,906,1109,8.87
611,1239,1496,0.45
612,177,548,14.57
613,617,1051,18.44
614,1065,1357,2.0
615,1438,148,-20.92
616,1166,1461,1.59
617,1019,1402,1.65
618,797,1185,7.6
619,536,1103,5.01
620,1258,161,6.56
621,736,76,15.12
622,32,220,5.38
623,541,409,7.75
624,631,1091,4.77
625,108,7,13.66
626,78,1091,5.33
627,927,283,15.69
628,1435,700,-19.33
629,585,1005,3.18
630,1176,1041,1.27
631,122,230,4.11
632,632,919,1.58
633,1387,308,9.78
634,1260,620,5.06
635,626,1066,11.86
636,712,279,-8.51
637,1276,1209,2.93
638,1270,674,3.94
639,1145,758,17.0
640,901,775,19.34
641,90,165,3.08
642,1063,511,-6.68
643,604,1061,6.67
644,522,1270,3.19
645,547,1388,-6.08
646,1369,1498,12.5
647,529,1345,0.14
648,73,740,3.68
649,1115,644,0.64
650,436,1268,3.59
651,174,861,4.38
652,1491,1096,18.35
653,583,272,9.28
654,1224,1434,-6.42
655,51,1147,22.55
656,687,1312,2.49
657,601,873,6.0
658,247,808,6.99
659,0,434,9.68
660,52,690,4.66
661,1102,94,4.78
662,475,369,12.35
663,941,154,5.87
664,200,1225,0.46
665,844,1158,-2.03
666,805,821,9.12
667,1029,931,5.24
668,315,1214,-1.21
669,505,533,-11.01
670,529,440,2.75
671,946,750,5.3
672,366,526,4.2
673,496,705,5.72
674,35,466,9.25
675,1310,1003,7.8
676,309,1079,6.14
677,967,1103,-19.54
678,625,806,15.14
679,802,694,-10.82
680,312,1455,5.05
681,602,389,-5.91
682,194,49,12.43
683,651,280,9.34
684,4,1456,20.72
685,41,373,-7.79
686,993,623,9.5
687,171,1431,6.3
688,1410,1467,22.65
689,242,438,5.09
690,612,609,4.3
691,897,913,7.42
692,822,849,0.93
693,679,1131,10.74
694,748,881,9.3
695,1285,13,-8.77
696,24,744,-3.81
697,982,248,-4.0
698,650,401,6.39
699,716,294,10.26
700,1441,903,4.97
701,865,507,13.81
702,209,220,1.39
703,176,636,14.82
704,1329,885,0.82
705,862,1250,-8.14
706,1118,1343,2.61
707,277,910,-30.13
708,1056,95,14.08
709,97,223,7.12
710,743,175,8.64
711,671,582,17.34
712,341,79,9.48
713,1238,1178,-13.15
714,1293,1282,0.42
715,386,1094,6.38
716,255,1087,8.41
717,623,1318,4.72
718,31,246,-8.83
719,969,22,-2.98
720,824,507,18.97
721,104,1394,-2.9
722,107,1234,-4.44
723,345,935,17.12
724,458,1464,2.24
725,1062,545,4.74
726,911,1328,5.28
727,268,1120,0.76
728,811,579,5.69
729,198,939,3.97
730,557,1408,15.3
731,354,1318,3.03
732,1425,314,14.06
733,1258,601,-21.99
734,232,160,5.08
735,1457,289,1.44
736,974,61,17.44
737,1402,882,11.73
738,1447,333,4.47
739,645,252,2.22
740,897,513,1.4
741,1167,457,3.17
742,495,75,0.26
743,336,1297,12.14
744,814,760,-3.93
745,905,722,0.34
746,1418,852,4.32
747,1284,967,20.43
748,460,1437,11.57
749,432,791,-2.17
750,1233,485,13.23
751,1225,401,1.87
752,425,1470,2.64
753,388,492,-7.29
754,1324,723,4.5
755,1172,1475,-5.0
756,842,299,8.0
757,135,600,9.29
758,1338,1412,5.86
759,996,1337,2.65
760,1344,961,6.76
761,1307,12,-6.57
762,955,99,-8.94
763,1317,656,2.7
764,594,875,-3.58
765,1235,1344,-4.22
766,1101,1241,4.73
767,568,1473,7.89
768,996,258,11.75
769,128,457,12.33
770,457,1080,6.04
771,598,1133,-4.06
772,141,337,0.58
773,1070,211,2.46
774,710,1164,-5.59
775,488,1261,-0.22
776,785,1246,11.93
777,1093,1389,31.02
778,282,82,-4.72
779,1321,303,10.82
780,137,15,0.22
781,192,822,23.27
782,324,726,7.98
783,1092,904,2.38
784,1130,1427,0.24
785,137,57,9.31
786,368,694,13.52
787,445,1325,-10.08
788,1050,747,6.59
789,1343,1455,-1.33
790,232,454,8.64
791,446,1318,7.15
792,44,654,26.24
793,1346,1408,9.36
794,847,1170,13.63
795,77,870,17.33
796,1332,1187,0.59
797,234,20,7.14
798,1467,962,12.24
799,716,1492,5.08
800,279,1346,9.75
801,1303,159,4.76
802,945,539,5.62
803,1359,917,7.37
804,173,859,-4.27
805,1354,208,8.38
806,1266,1466,17.52
807,508,385,5.88
808,1256,858,9.29
809,1011,763,14.31
810,932,861,-18.31
811,809,354,18.91
812,1277,278,13.0
813,860,687,14.28
814,957,1339,5.91
815,301,58,9.4
816,1395,212,6.85
817,208,1301,5.43
818,1139,748,-2.48
819,760,204,0.83
820,1057,641,11.43
821,213,1021,-3.13
822,1316,729,5.74
823,1184,1015,6.68
824,1298,1333,6.07
825,1471,788,3.48
826,465,658,18.55
827,153,1200,-6.14
828,954,746,6.43
829,729,899,-5.04
830,706,884,-3.14
831,1396,269,2.13
832,1372,1363,10.01
833,635,329,24.38
834,1376,1493,20.51
835,594,1016,1.55
836,648,310,7.54
837,630,694,9.22
838,757,475,12.56
839,1481,668,0.69
840,1229,199,4.3
841,1228,891,7.32
842,385,721,1.5
843,1028,1362,10.48
844,1003,1403,28.11
845,146,547,-8.27
846,976,1446,10.73
847,837,1207,21.1
848,989,1479,6.13
849,692,918,12.19
850,295,348,2.15
851,727,500,-19.0
852,1108,1458,3.09
853,201,722,4.58
854,1372,420,7.51
855,1197,860,8.57
856,554,480,-6.29
857,1225,964,7.91
858,432,1365,4.73
859,883,108,-13.82
860,343,1068,4.63
861,1240,994,5.24
862,633,235,7.07
863,310,248,6.61
864,600,595,5.41
865,1271,999,16.5
866,805,181,2.43
867,227,503,1.67
868,1001,157,9.08
869,286,38,0.14
870,1365,172,9.89
871,469,38,-6.23
872,592,1046,5.04
873,656,1165,2.76
874,244,275,-1.92
875,1339,1315,9.16
876,1253,981,4.86
877,237,1366,17.55
878,202,397,4.18
879,798,72,21.02
880,1306,462,4.83
881,614,619,10.95
882,189,802,4.2
883,484,1468,3.87
884,970,671,14.71
885,1442,46,2.07
886,1162,34,10.05
887,56,1462,5.17
888,935,1071,0.18
889,702,1313,-17.98
890,439,948,7.08
891,306,1491,2.97
892,1360,1147,-2.72
893,127,1236,-13.03
894,492,1111,11.17
895,552,287,26.07
896,571,399,9.72
897,1049,604,1.26
898,1472,1274,7.6
899,1459,594,4.1
900,1384,594,8.36
901,871,757,7.47
902,825,411,0.12
903,1287,585,16.61
904,856,1331,5.55
905,768,271,13.8
906,1364,485,3.68
907,108,313,12.01
908,238,1199,8.94
909,1346,1418,17.91
910,1342,308,-14.01
911,1031,639,15.42
912,1015,330,3.94
913,816,21,13.8
914,903,1037,14.23
915,1234,202,6.49
916,1091,1230,4.89
917,1439,551,0.66
918,1125,1177,0.05
919,353,416,17.77
920,589,703,4.77
921,111,1278,8.67
922,670,254,16.05
923,1288,737,2.55
924,321,1053,2.8
925,238,327,10.44
926,1019,1452,14.05
927,476,160,0.12
928,1433,1294,7.06
929,730,232,1.21
930,1136,1381,-12.5
931,79,721,8.38
932,1119,957,2.17
933,1153,1422,2.71
934,619,1404,6.32
935,1075,895,7.19
936,1073,590,11.84
937,362,357,4.45
938,1186,1143,10.13
939,1451,650,1.17
940,1478,354,4.2
941,129,32,-2.94
942,419,855,7.54
943,775,788,4.74
944,1338,277,-1.5
945,471,1003,12.64
946,263,183,0.11
947,499,403,2.16
948,625,1499,20.23
949,1129,1406,18.6
950,289,406,9.22
951,1033,1062,5.62
952,1087,287,0.93
953,477,395,6.79
954,64,807,8.68
955,866,1397,4.2
956,987,83,2.06
957,165,634,-2.52
958,397,1310,0.42
959,928,229,2.24
960,1399,1233,7.68
961,104,487,5.79
962,1361,1100,14.32
963,1319,142,7.84
964,699,1183,-7.01
965,402,113,13.22
966,339,330,6.43
967,773,525,12.28
968,31,1145,3.34
969,168,500,11.88
970,1296,1131,4.1
971,868,1,25.7
972,971,46,12.75
973,1313,1328,1.58
974,87,1218,-18.86
975,1430,537,5.48
976,1487,1100,2.97
977,1398,606,11.66
978,674,1260,-9.73
979,658,817,-8.35
980,1426,232,27.67
981,1231,175,7.83
982,311,1315,8.33
983,1042,893,9.11
984,498,580,9.76
985,1143,76,16.86
986,162,297,1.97
987,368,712,8.11
988,859,1440,4.01
989,744,1377,6.48
990,348,143,-17.24
991,349,1262,4.56
992,490,207,3.14
993,676,531,17.31
994,652,596,5.9
995,853,701,3.17
996,526,462,3.76
997,1159,631,13.17
998,69,604,4.54
999,103,535,6.82
1000,934,24,14.01
1001,1242,1147,8.4
1002,102,880,10.71
1003,1097,352,3.1
1004,215,520,9.97
1005,221,796,18.25
1006,149,1004,-3.04
1007,588,426,16.15
1008,1365,562,7.01
1009,857,956,-1.81
1010,9,599,2.58
1011,988,1203,6.4
1012,767,884,11.92
1013,904,1382,12.64
1014,331,1368,7.27
1015,900,575,16.77
1016,561,1212,3.9
1017,1223,644,0.6
1018,1235,905,1.0
1019,399,968,4.13
1020,826,1060,5.86
1021,950,1444,31.2
1022,1498,384,0.89
1023,293,1066,0.3
1024,1479,550,0.04
1025,1058,1125,11.01
1026,914,885,5.78
1027,1380,1041,2.96
1028,1374,1112,6.62
1029,136,763,1.38
1030,987,715,8.45
1031,1017,1099,16.28
1032,369,762,5.31
1033,1370,596,2.53
1034,257,204,0.7
1035,416,124,7.82
1036,648,254,25.94
1037,21,482,-6.96
1038,1040,898,12.27
1039,46,170,11.36
1040,542,452,11.09
1041,333,305,3.14
1042,442,457,-3.24
1043,1376,937,20.84
1044,953,482,2.69
1045,1221,469,-1.6
1046,910,514,10.17
1047,1115,1228,7.3
1048,497,973,2.81
1049,1462,212,1.61
1050,13,161,1.95
1051,245,77,20.64
1052,262,122,1.82
1053,1335,1069,1.08
1054,1387,139,-7.43
1055,98,991,15.84
1056,570,835,10.95
1057,523,751,-2.5
1058,147,366,12.26
1059,1326,1365,-12.62
1060,67,361,2.23
1061,636,228,-14.07
1062,598,956,4.75
1063,1144,1391,-1.83
1064,852,820,6.83
1065,74,1171,4.64
1066,611,746,3.64
1067,1297,205,0.57
1068,520,496,-4.93
1069,1290,807,16.95
1070,597,1158,14.67
1071,519,1249,-12.13
1072,18,1170,4.52
1073,1347,1224,5.92
1074,646,5,3.98
1075,181,1412,1.08
1076,1392,1325,-18.08
1077,46,775,12.26
1078,320,8,-9.01
1079,485,843,-5.56
1080,721,1104,4.33
1081,765,1389,-17.39
1082,1161,1444,19.32
1083,1203,1472,5.4
1084,210,724,3.48
1085,1067,1296,-12.12
1086,533,791,0.37
1087,1380,596,2.42
1088,863,572,3.21
1089,1050,1304,-33.98
1090,73,507,5.0
1091,68,209,3.83
1092,1375,1117,11.46
1093,829,881,10.45
1094,176,525,17.2
1095,1353,697,12.48
1096,1331,1257,-1.1
1097,882,1356,5.93
1098,885,206,10.14
1099,329,840,3.17
1100,339,966,1.04
1101,835,723,-12.89
1102,405,610,9.27
1103,248,1409,0.43
1104,1371,875,4.06
1105,199,658,11.68
1106,431,621,13.33
1107,585,1305,17.39
1108,363,1089,9.0
1109,727,791,2.46
1110,1220,1166,14.48
1111,613,937,10.3
1112,1450,486,4.35
1113,508,644,12.51
1114,754,1220,6.42
1115,1388,752,29.66
1116,1209,1293,9.43
1117,794,808,9.44
1118,1280,891,0.39
1119,622,373,-10.31
1120,1244,747,-15.36
1121,582,479,-9.26
1122,1047,1486,9.05
1123,1362,1348,7.9
1124,886,997,2.09
1125,357,932,8.91
1126,1311,1342,4.95
1127,284,429,14.57
1128,605,1231,3.1
1129,579,1152,12.28
1130,1247,1416,15.69
1131,18,312,15.43
1132,96,1217,7.92
1133,792,871,9.43
1134,1070,959,8.48
1135,1176,63,5.5
1136,1347,1458,16.17
1137,926,150,24.45
1138,1349,1152,1.27
1139,668,637,-2.34
1140,16,1140,4.84
1141,1423,45,1.23
1142,1084,1461,8.33
1143,1486,1496,6.06
1144,913,1441,2.66
1145,692,653,8.73
1146,431,991,-9.41
1147,270,921,17.35
1148,760,1132,12.62
1149,201,390,5.14
1150,841,27,17.43
1151,276,1074,7.3
1152,207,771,5.19
1153,422,495,3.23
1154,973,829,0.71
1155,248,650,17.34
1156,266,268,22.31
1157,907,107,5.18
1158,1317,771,10.33
1159,709,360,11.17
1160,795,1349,8.06
1161,226,395,-0.41
1162,1241,701,6.42
1163,894,460,15.48
1164,1353,130,7.53
1165,952,979,11.61
1166,556,995,7.25
1167,100,78,7.01
1168,1200,1457,4.04
1169,1133,113,1.86
1170,373,525,-10.92
1171,493,1319,8.92
1172,1049,260,2.89
1173,323,1132,0.22
1174,175,1164,2.14
1175,1196,1291,16.63
1176,42,748,0.17
1177,629,434,10.9
1178,586,778,1.24
1179,1014,1396,7.17
1180,1250,1284,-19.43
1181,328,1069,7.97
1182,106,245,-7.31
1183,157,1025,3.47
1184,257,1435,0.38
1185,773,1210,10.14
1186,94,921,23.53
1187,216,1020,5.18
1188,875,294,4.78
1189,1090,916,2.11
1190,850,729,3.89
1191,1264,444,2.63
1192,134,906,4.88
1193,914,682,1.17
1194,400,1482,9.54
1195,999,481,20.87
1196,1405,394,2.8
1197,434,1023,2.19
1198,417,338,8.64
1199,981,942,-17.46
1200,1314,1290,0.07
1201,1333,997,5.52
1202,1274,52,3.3
1203,231,93,22.96
1204,271,1238,5.63
1205,371,584,-5.59
1206,81,573,10.33
1207,1439,1008,7.0
1208,843,535,5.41
1209,758,1386,0.48
1210,1226,914,10.51
1211,1077,1475,6.89
1212,762,1127,20.32
1213,417,856,2.14
1214,388,623,-7.66
1215,182,10,9.82
1216,660,1172,9.47
1217,1308,263,12.11
1218,1024,555,9.49
1219,513,901,6.44
1220,965,1263,7.84
1221,75,153,10.21
1222,72,754,2.25
1223,1018,159,7.37
1224,265,1153,10.54
1225,681,1251,6.88
1226,730,622,7.78
1227,491,531,12.27
1228,710,1095,-0.47
1229,977,1187,4.29
1230,1121,784,2.0
1231,910,470,21.32
1232,1167,74,26.28
1233,820,739,-19.19
1234,848,923,0.48
1235,1196,745,4.02
1236,1242,1011,4.51
1237,732,1215,2.15
1238,1212,1014,9.01
1239,307,1410,14.65
1240,1269,1287,1.47
1241,736,1408,11.87
1242,1062,633,6.92
1243,300,691,15.3
1244,1065,315,1.45
1245,144,811,15.91
1246,981,1152,18.83
1247,970,761,9.12
1248,1304,1095,1.87
1249,1006,1178,-5.32
1250,236,375,15.06
1251,22,1090,-1.12
1252,272,1362,6.8
1253,1428,628,-5.77
1254,809,253,6.71
1255,286,1432,1.76
1256,871,248,2.06
1257,510,864,5.83
1258,1336,616,4.43
1259,254,186,-3.99
1260,367,1396,25.99
1261,127,66,1.65
1262,532,1221,14.23
1263,559,200,2.64
1264,386,417,0.34
1265,1270,1019,10.37
1266,770,230,-10.63
1267,1424,44,5.63
1268,244,942,7.39
1269,1443,148,14.58
1270,916,279,6.16
1271,47,252,16.44
1272,1120,997,5.65
1273,243,972,5.34
1274,1289,748,2.55
1275,1494,72,10.05
1276,1072,912,5.04
1277,26,328,-8.06
1278,172,467,13.01
1279,938,401,-4.79
1280,17,1460,6.87
1281,387,506,3.44
1282,712,246,5.89
1283,1290,823,5.98
1284,1400,636,7.83
1285,252,102,26.47
1286,1151,1128,-9.44
1287,1028,1399,-0.5
1288,89,186,19.95
1289,394,1426,4.88
1290,367,937,15.52
1291,323,1319,6.56
1292,110,993,8.75
1293,575,1185,11.85
1294,1464,1353,7.8
1295,657,1483,9.42
1296,445,726,0.6
1297,1458,686,-0.91
1298,563,1377,6.33
1299,1106,513,11.78
1300,526,177,3.37
1301,1236,1412,14.56
1302,1450,1355,10.57
1303,1160,527,12.06
1304,415,104,28.81
1305,423,534,0.09
1306,550,282,11.77
1307,1374,1037,7.41
1308,366,659,14.16
1309,1414,660,1.99
1310,862,1488,2.87
1311,302,883,2.89
1312,1197,1297,8.93
1313,427,951,-3.27
1314,1434,964,-12.29
1315,131,396,16.35
1316,1487,286,-14.18
1317,1057,286,6.53
1318,476,28,6.33
1319,825,1178,18.87
1320,236,352,3.11
1321,55,943,7.7
1322,421,861,16.6
1323,814,744,-18.66
1324,899,1329,1.29
1325,1213,990,19.34
1326,955,1120,0.92
1327,777,467,-10.09
1328,1263,281,-11.13
1329,845,821,12.29
1330,330,1412,13.33
1331,922,263,1.13
1332,788,75,9.08
1333,912,207,0.4
1334,1188,208,14.54
1335,787,906,3.58
1336,80,478,16.87
1337,1461,1375,1.06
1338,567,693,12.01
1339,1306,1167,1.09
1340,229,601,4.81
1341,675,553,0.34
1342,362,807,7.74
1343,560,1081,1.28
1344,180,1132,-2.8
1345,1246,1152,1.4
1346,1472,1300,11.55
1347,1227,257,2.83
1348,827,556,8.48
1349,1390,196,6.24
1350,1095,727,1.62
1351,235,1223,6.64
1352,893,1443,1.59
1353,1486,510,-7.34
1354,899,770,8.29
1355,1100,1307,2.54
1356,1411,922,3.45
1357,1029,902,3.33
1358,652,662,11.96
1359,1406,1284,11.35
1360,1101,557,11.07
1361,896,567,12.97
1362,1425,631,14.28
1363,720,1459,25.24
1364,798,1372,7.38
1365,1366,1382,-19.38
1366,858,1098,-0.37
1367,781,342,3.37
1368,1189,737,-0.71
1369,599,637,3.46
1370,485,18,0.85
1371,1388,1097,6.88
1372,1189,705,7.45
1373,597,562,20.31
1374,1113,1078,3.04
1375,474,421,7.06
1376,1471,1490,-6.83
1377,674,794,-0.23
1378,456,877,15.3
1379,931,1232,6.49
1380,1259,264,18.31
1381,166,1209,0.51
1382,705,1498,-9.78
1383,562,627,0.27
1384,693,913,15.51
1385,1316,1135,5.12
1386,534,496,16.02
1387,95,1270,11.13
1388,641,1228,-6.16
1389,401,804,3.38
1390,900,1067,0.37
1391,283,600,1.24
1392,1229,503,-8.75
1393,1251,33,6.9
1394,895,813,4.82
1395,154,1331,7.42
1396,564,736,5.37
1397,35,493,16.69
1398,1377,623,1.54
1399,470,613,9.08
1400,1254,1064,15.52
1401,595,697,2.51
1402,904,580,9.15
1403,1448,1451,12.36
1404,1123,644,17.37
1405,1154,25,10.77
1406,1086,1147,2.82
1407,359,624,-3.42
1408,296,964,-9.34
1409,340,972,3.2
1410,1233,527,1.8
1411,357,959,-2.23
1412,1148,536,3.35
1413,359,621,-1.63
1414,1213,455,-0.27
1415,1108,975,6.53
1416,340,1182,-6.84
1417,1058,991,6.22
1418,1118,750,8.31
1419,758,148,-4.17
1420,997,1084,7.07
1421,835,222,3.77
1422,1076,1463,-0.62
1423,1325,411,10.38
1424,478,1034,5.77
1425,329,167,-10.57
1426,1216,996,-9.51
1427,51,1313,12.49
1428,266,967,3.71
1429,654,73,5.43
1430,19,136,12.04
1431,133,351,-6.57
1432,496,1472,3.0
1433,1312,766,5.54
1434,685,1351,16.05
1435,571,345,12.27
1436,720,47,12.75
1437,1467,1080,15.4
1438,894,1390,0.97
1439,661,308,5.84
1440,1269,1377,0.12
1441,1013,1061,-3.67
1442,962,961,1.83
1443,1285,1334,11.68
1444,332,674,3.66
1445,645,160,3.91
1446,1214,492,3.15
1447,1469,363,0.16
1448,1022,698,-3.17
1449,919,1415,1.8
1450,832,74,5.07
1451,843,742,5.85
1452,1248,722,16.22
1453,1089,133,8.08
1454,450,301,4.5
1455,547,35,23.02
1456,1319,197,3.44
1457,1143,582,1.36
1458,957,830,5.71
1459,1300,374,3.81
1460,1328,392,-0.06
1461,659,239,1.93
1462,299,640,-5.58
1463,91,381,1.6
1464,1175,641,2.23
1465,251,83,13.12
1466,138,592,7.48
1467,354,782,15.56
1468,1151,306,11.88
1469,568,1228,6.89
1470,640,1306,3.32
1471,1314,1498,4.89
1472,283,76,10.0
1473,235,1105,6.15
1474,63,597,11.33
1475,890,871,7.02
1476,656,299,7.37
1477,259,77,4.86
1478,165,311,4.59
1479,499,247,9.2
1480,8,426,1.2
1481,728,645,15.32
1482,1259,150,-2.56
1483,1261,669,6.44
1484,327,823,10.7
1485,1153,1470,5.03
1486,490,907,11.88
1487,1305,1366,17.64
1488,980,389,3.91
1489,670,1157,7.04
1490,781,1285,8.3
1491,314,1468,6.3
1492,653,148,21.44
1493,428,1323,0.45
1494,116,467,13.19
1495,870,1164,8.68
1496,1463,1387,-4.01
1497,1364,1308,8.3
1498,430,243,6.33
1499,755,477,9.41
1500,1395,1437,18.76
1501,707,140,11.34
1502,1119,13,4.62
1503,821,632,20.93
1504,985,111,12.54
1505,380,1083,17.02
1506,212,1217,-2.13
1507,725,700,8.22
1508,1135,763,-12.68
1509,1429,579,-12.94
1510,613,746,-5.84
1511,472,62,8.21
1512,818,1044,28.07
1513,1457,145,5.02
1514,1201,1069,4.15
1515,418,1321,8.33
1516,182,1497,-8.22
1517,918,590,5.83
1518,1149,830,1.84
1519,318,1286,2.03
1520,1159,177,3.27
1521,1438,970,1.52
1522,629,998,24.23
1523,1149,1311,13.33
1524,816,515,3.7
1525,319,257,-23.98
1526,1093,412,7.76
1527,1204,465,-3.51
1528,925,397,0.96
1529,774,563,9.79
1530,373,189,9.1
1531,1256,659,5.4
1532,1382,870,24.76
1533,698,1345,2.57
1534,523,667,8.02
1535,361,123,7.86
1536,338,1284,14.62
1537,49,767,13.63
1538,591,1354,-21.79
1539,797,425,4.0
1540,251,311,4.83
1541,1128,1131,10.2
1542,1040,959,1.31
1543,747,554,3.99
1544,287,1111,18.32
1545,643,816,1.32
1546,80,294,5.84
1547,941,90,-17.09
1548,1017,1493,4.67
1549,158,1276,5.0
1550,602,927,24.23
1551,943,256,10.66
1552,1094,1375,16.15
1553,34,112,13.87
1554,444,577,5.29
1555,356,83,7.6
1556,253,1078,0.6
1557,874,582,4.23
1558,1039,1412,16.27
1559,1415,1112,3.05
1560,1321,353,0.38
1561,23,703,14.84
1562,909,446,18.03
1563,977,1472,8.31
1564,111,763,10.15
1565,1363,346,13.17
1566,992,1159,-0.72
1567,1305,1210,0.47
1568,1026,77,-5.55
1569,1332,426,14.56
1570,1060,702,-19.82
1571,1141,1043,1.04
1572,943,704,4.23
1573,1446,1155,11.24
1574,325,1183,6.13
1575,559,172,7.35
1576,1432,140,6.71
1577,953,1302,17.43
1578,542,205,3.89
1579,693,525,14.26
1580,1079,341,13.62
1581,1097,421,4.34
1582,1079,1048,-4.17
1583,765,1418,-14.25
1584,1490,157,-7.09
1585,214,1444,4.26
1586,536,721,22.11
1587,204,831,-9.66
1588,1447,1366,9.24
1589,870,638,0.89
1590,790,651,22.47
1591,1068,1456,16.69
1592,888,1157,-10.51
1593,1315,1247,7.02
1594,669,521,3.13
1595,437,912,11.48
1596,382,194,2.02
1597,0,1170,2.57
1598,249,935,3.65
1599,690,458,4.04
1600,155,1064,-18.53
1601,1377,1406,-2.59
1602,966,212,16.69
1603,222,943,2.9
1604,462,45,3.08
1605,979,882,0.33
1606,717,735,8.33
1607,102,1062,3.22
1608,425,1130,8.53
1609,482,569,-15.73
1610,668,447,2.96
1611,683,704,13.6
1612,713,121,1.97
1613,253,318,6.55
1614,462,83,7.45
1615,864,1381,3.85
1616,535,1221,1.74
1617,676,921,2.87
1618,954,1021,-1.19
1619,767,204,22.98
1620,1293,620,1.87
1621,880,371,11.59
1622,186,1134,-6.44
1623,1226,852,3.7
1624,330,1470,-0.95
1625,174,619,4.48
1626,455,364,1.55
1627,885,112,30.14
1628,984,248,1.93
1629,1275,132,5.55
1630,1492,5,-0.76
1631,504,846,-2.39
1632,1146,725,19.41
1633,1181,237,14.35
1634,1327,693,-23.84
1635,389,67,6.8
1636,1281,1345,5.66
1637,233,1369,10.21
1638,972,809,15.0
1639,1071,283,1.37
1640,1089,192,11.57
1641,801,206,2.48
1642,168,698,5.3
1643,912,203,-5.61
1644,868,999,5.86
1645,702,1365,7.13
1646,464,1402,7.3
1647,26,133,5.31
1648,759,451,19.0
1649,1182,1449,15.88
1650,852,523,8.89
1651,794,327,-7.42
1652,403,439,5.62
1653,149,935,10.95
1654,979,790,7.11
1655,1203,78,10.7
1656,5,660,12.82
1657,1403,954,10.01
1658,923,630,3.6
1659,191,556,2.36
1660,1202,319,0.2
1661,546,951,4.0
1662,487,1210,4.19
1663,1488,603,1.38
1664,810,1200,8.09
1665,605,359,3.48
1666,237,49,0.35
1667,665,1011,2.71
1668,1031,412,16.46
1669,481,183,14.86
1670,593,680,7.53
1671,256,209,9.76
1672,1323,535,0.49
1673,1431,337,0.26
1674,841,610,-32.63
1675,514,500,21.34
1676,1232,450,8.02
1677,115,1049,6.32
1678,520,1096,1.73
1679,882,371,1.14
1680,199,1480,3.47
1681,1111,591,14.98
1682,1152,693,1.94
1683,751,126,3.82
1684,828,1047,15.09
1685,1162,1353,18.01
1686,1334,1313,9.71
1687,305,550,6.03
1688,1366,1326,14.06
1689,473,204,7.34
1690,671,123,13.18
1691,580,844,0.56
1692,40,1464,6.93
1693,223,762,23.6
1694,315,1050,2.34
1695,600,1048,16.43
1696,1499,604,1.5
1697,337,1364,2.76
1698,1483,1105,10.56
1699,183,961,1.22
1700,320,946,1.95
1701,1016,1333,-1.86
1702,621,1439,6.07
1703,336,311,16.1
1704,83,804,12.23
1705,847,1098,0.05
1706,407,1461,18.45
1707,1240,1241,-10.26
1708,61,175,12.6
1709,858,546,9.83
1710,887,121,18.29
1711,332,785,3.76
1712,1411,165,7.69
1713,1145,531,4.96
1714,1493,1003,-11.24
1715,740,261,-17.42
1716,1208,1156,14.65
1717,154,753,5.84
1718,1025,225,1.97
1719,277,730,19.78
1720,535,573,-0.77
1721,1253,462,9.25
1722,1468,590,5.2
1723,233,1284,-19.07
1724,1313,959,8.13
1725,1183,1263,14.73
1726,463,1034,0.44
1727,1069,1321,13.87
1728,1254,498,5.29
1729,44,1161,13.59
1730,580,1432,8.34
1731,314,373,8.24
1732,1003,650,0.93
1733,533,586,9.05
1734,99,927,6.5
1735,578,1426,2.16
1736,714,946,4.89
1737,305,346,7.32
1738,771,1229,0.1
1739,1359,372,16.2
1740,544,209,4.48
1741,1363,130,-6.0
1742,601,77,19.87
1743,3,304,3.23
1744,578,83,29.32
1745,666,1114,3.84
1746,85,1361,1.21
1747,877,481,9.79
1748,1315,1458,9.29
1749,1382,722,-2.68
1750,492,632,-0.79
1751,170,813,0.13
1752,929,942,-11.64
1753,627,176,2.1
1754,1088,164,5.07
1755,158,1098,-7.93
1756,109,515,7.99
1757,136,733,16.9
1758,546,310,3.3
1759,925,1157,10.61
1760,861,1052,8.73
1761,696,290,2.82
1762,316,465,3.24
1763,1435,40,22.01
1764,351,841,4.36
1765,1177,656,-4.74
1766,45,526,3.48
1767,288,259,13.59
1768,1454,724,-0.41
1769,861,167,4.82
1770,640,1281,0.08
1771,281,1079,12.29
1772,453,945,-0.67
1773,939,801,17.04
1774,216,1062,3.47
1775,319,1484,5.01
1776,1030,558,3.74
1777,17,601,2.47
1778,405,1305,12.34
1779,777,687,4.85
1780,333,689,-1.42
1781,420,330,0.41
1782,849,357,-6.25
1783,1436,348,8.32
1784,697,1101,1.97
1785,1291,149,7.23
1786,214,997,3.33
1787,1251,1428,13.51
1788,1463,1361,17.44
1789,828,1222,15.81
1790,543,1286,2.93
1791,1464,1216,1.48
1792,615,821,18.06
1793,1294,1463,2.19
1794,1266,124,23.46
1795,153,397,9.94
1796,764,648,3.44
1797,190,735,2.04
1798,1035,884,-0.07
1799,966,1423,2.03
1800,657,313,4.41
1801,40,659,7.68
1802,791,412,4.7
1803,132,1039,-0.9
1804,420,440,6.74
1805,1033,189,9.77
1806,1498,708,5.44
1807,1466,1188,-13.88
1808,703,1106,-6.47
1809,660,375,1.16
1810,271,1032,16.15
1811,824,1153,16.02
1812,922,787,10.82
1813,591,356,8.83
1814,1088,750,8.8
1815,787,296,5.77
1816,378,11,5.21
1817,39,1278,5.73
1818,308,165,21.12
1819,1012,435,3.97
1820,717,779,9.59
1821,790,310,-22.53
1822,489,640,3.47
1823,632,247,7.35
1824,72,179,11.01
1825,956,1253,8.44
1826,679,1023,15.95
1827,383,1174,12.49
1828,101,347,1.24
1829,33,687,12.07
1830,202,57,2.03
1831,361,713,8.91
1832,636,1011,8.31
1833,389,871,2.24
1834,239,271,4.3
1835,853,975,2.61
1836,1446,443,5.18
1837,1085,134,9.7
1838,270,1443,-17.67
1839,316,271,0.75
1840,675,1291,0.42
1841,86,258,0.24
1842,1477,163,2.94
1843,172,452,8.73
1844,519,779,3.31
1845,939,1410,-9.47
1846,867,228,-6.22
1847,20,147,14.77
1848,1052,337,8.26
1849,1325,1448,6.8
1850,997,1360,1.25
1851,352,1268,11.86
1852,408,751,6.99
1853,32,1286,21.58
1854,500,1417,3.02
1855,560,898,-14.41
1856,552,1313,5.4
1857,635,537,7.06
1858,764,461,5.74
1859,1371,472,12.82
1860,734,577,-9.26
1861,761,1450,2.65
1862,375,1316,16.28
1863,25,722,4.46
1864,690,125,-7.31
1865,203,654,4.56
1866,1109,76,0.87
1867,569,536,4.28
1868,409,1328,7.28
1869,380,1070,20.17
1870,1025,1138,6.58
1871,142,75,0.94
1872,1453,217,8.88
1873,408,709,4.48
1874,88,860,21.97
1875,763,54,2.18
1876,6,385,16.55
1877,190,244,3.54
1878,291,562,-5.55
1879,276,840,5.86
1880,1239,290,0.61
1881,1223,417,3.32
1882,718,1481,5.11
1883,12,1192,-4.65
1884,358,599,7.59
1885,811,870,-17.74
1886,221,834,6.36
1887,372,1463,10.7
1888,908,1098,11.84
1889,452,448,1.59
1890,902,916,4.14
1891,1483,406,14.83
1892,49,1327,15.97
1893,1249,649,14.77
1894,572,1352,5.58
1895,394,74,0.92
1896,1219,651,-7.08
1897,3,275,4.11
1898,54,405,2.16
1899,139,1,11.9
1900,1127,796,-3.82
1901,1105,423,6.38
1902,296,651,4.78
1903,469,1105,0.82
1904,933,70,-4.7
1905,1232,844,2.0
1906,846,1183,3.2
1907,1362,526,6.72
1908,1193,1272,22.62
1909,1466,498,18.5
1910,534,485,8.92
1911,596,1063,-9.52
1912,838,1421,-11.27
1913,1130,974,8.91
1914,242,1293,4.26
1915,92,835,7.89
1916,1150,248,17.49
1917,1137,1410,1.41
1918,1171,2,5.81
1919,38,342,21.39
1920,1323,1203,5.33
1921,474,1161,13.42
1922,718,1201,8.32
1923,1160,1281,10.33
1924,437,673,-20.34
1925,918,821,9.05
1926,557,235,-8.83
1927,1402,325,-5.87
1928,90,1036,5.8
1929,575,391,0.66
1930,163,1126,7.25
1931,1449,1192,5.53
1932,179,483,9.87
1933,1409,559,11.11
1934,217,251,5.4
1935,1231,1078,11.95
1936,428,997,1.27
1937,1300,1089,-6.44
1938,927,1086,2.91
1939,326,74,6.37
1940,1073,665,-14.62
1941,968,827,12.2
1942,1136,22,11.75
1943,341,702,1.11
1944,530,1040,0.32
1945,531,1072,-2.5
1946,935,73,0.48
1947,544,135,8.1
1948,396,1498,9.48
1949,349,229,10.99
1950,494,395,0.96
1951,458,536,18.26
1952,8,792,9.52
1953,1094,133,16.66
1954,930,523,5.51
1955,1286,1063,1.22
1956,115,1140,0.6
1957,372,1237,1.71
1958,293,1024,-2.38
1959,562,1031,7.26
1960,1053,1406,6.24
1961,855,1187,0.77
1962,711,218,4.81
1963,524,941,6.65
1964,209,1066,11.33
1965,1496,1397,8.76
1966,391,1402,24.21
1967,506,143,4.32
1968,1020,375,11.14
1969,855,1087,7.74
1970,789,1327,3.58
1971,225,511,-13.82
1972,356,162,2.39
1973,776,501,4.54
1974,947,373,25.52
1975,1158,609,-16.95
1976,1460,324,11.9
1977,493,152,-9.01
1978,973,618,2.09
1979,1423,879,13.97
1980,820,794,6.77
1981,1222,94,3.27
1982,1142,92,9.06
1983,1054,1131,5.05
1984,264,1311,26.31
1985,377,1393,4.84
1986,180,775,10.49
1987,351,644,14.27
1988,43,542,5.82
1989,384,1403,3.47
1990,1156,774,3.29
1991,34,1252,9.38
1992,291,1366,6.81
1993,422,1499,1.01
1994,1418,816,17.41
1995,1024,962,2.62
1996,510,609,2.96
1997,498,692,5.93
1998,818,853,9.93
1999,1194,1260,2.56
